# Proyecto CanaryCar
Respositorio para el proyecto final de asignatura de la Administración y diseño de bases de datos.

El proyecto consiste en crear la base de datos de empresa dedicada al alquiler de coches en Canarias.
Trabajo realizado por:
* Adrián Epifanio Rodríguez Hernández.

A continunación se encuentran los enlaces correspondientes a:
* [Requisitos](./Requisitos.pdf).
* [Modelo Conceptual (ER/E)](./Modelo%20Conceptual%20ER-E/ERE.pdf).
* [Modelo Lógico Relacional](./Modelo%20Logico%20Relacional/GrafoRelacional.pdf).
* [Modelo Lógico Objeto-Relacional (UML)](./Modelo%20Logico%20Objeto-Relacional-UML/ASIClases.pdf).
* [Generación de Código (Scripts)](./Scripts/ScriptCreacion.pdf).
* [Carga de datos](./Scripts/CSI8.pdf).
* [Script Postgres](./Scripts/ScriptPostgres.sql).


### Ejecución de script en consola

```
postgres=# -- MySQL Script generated by MySQL Workbench
postgres=# -- Thu Jan  6 10:25:28 2022
postgres=# -- Model: New Model    Version: 1.0
postgres=# -- MySQL Workbench Forward Engineering
postgres=#
postgres=#
postgres=#
postgres=# -- Delete Triggers and Functions
postgres=# DROP TRIGGER IF EXISTS Reserva_AFTER_UPDATE ON Reserva;
DROP TRIGGER
postgres=# DROP FUNCTION IF EXISTS reservaUpdate;
DROP FUNCTION
postgres=# DROP TRIGGER IF EXISTS Reserva_AFTER_INSERT ON Reserva;
DROP TRIGGER
postgres=# DROP FUNCTION IF EXISTS reservaAfter;
DROP FUNCTION
postgres=# DROP TRIGGER IF EXISTS Sucursal_BEFORE_INSERT ON Sucursal;
DROP TRIGGER
postgres=# DROP FUNCTION IF EXISTS setBeneficio;
DROP FUNCTION
postgres=#
postgres=# -- Delete Procedures
postgres=# DROP procedure IF EXISTS calcularPrecio;
DROP PROCEDURE
postgres=# DROP procedure IF EXISTS cobroSueldosEmpleados;
DROP PROCEDURE
postgres=# DROP procedure IF EXISTS actualizaBeneficio;
DROP PROCEDURE
postgres=#
postgres=# -- Delete Tables
postgres=# DROP TABLE IF EXISTS Nacional ;
DROP TABLE
postgres=# DROP TABLE IF EXISTS Extranjero ;
DROP TABLE
postgres=# DROP TABLE IF EXISTS Sucursal_Contrata_EmpresaExterna ;
DROP TABLE
postgres=# DROP TABLE IF EXISTS Empleado_Trabaja_Sucursal ;
DROP TABLE
postgres=# DROP TABLE IF EXISTS Reserva ;
DROP TABLE
postgres=# DROP TABLE IF EXISTS Cliente ;
DROP TABLE
postgres=# DROP TABLE IF EXISTS Coche ;
DROP TABLE
postgres=# DROP TABLE IF EXISTS Sucursal_Tiene ;
DROP TABLE
postgres=# DROP TABLE IF EXISTS Empresa_Externa ;
DROP TABLE
postgres=# DROP TABLE IF EXISTS Empleado ;
DROP TABLE
postgres=# DROP TABLE IF EXISTS Sucursal ;
DROP TABLE
postgres=#
postgres=#
postgres=# -- -----------------------------------------------------
postgres=# -- Table Sucursal
postgres=# -- -----------------------------------------------------
postgres=# -- DROP TABLE IF EXISTS Sucursal ;
postgres=# CREATE TABLE IF NOT EXISTS Sucursal (
postgres(#   ID INT NOT NULL,
postgres(#   Nombre VARCHAR(45) NOT NULL,
postgres(#   Beneficio DECIMAL NULL,
postgres(#   Latitud DECIMAL NOT NULL,
postgres(#   Longitud DECIMAL NOT NULL,
postgres(#   PRIMARY KEY (ID));
Y (FechaInicio, Cliente_LicenciaConducir),
  CONSTRAINT fk_Reserva_Coche1
    FOREIGN KEY (Coche_Matricula)
    REFERENCES Coche (Matricula)
    ON DELETE NO ACTION
    ON UPDATE NO ACTION,
  CONSTRAINT fk_Reserva_Empleado1
    FOREIGN KEY (Empleado_DNI)
    REFERENCES Empleado (DNI)
    ON DELETE NO ACTION
    ON UPDATE NO ACTION,
  CONSTRAINT fk_Reserva_Cliente1
    FOREIGN KEY (Cliente_LicenciaConducir)
    REFERENCES Cliente (LicenciaConducir)
    ON DELETE NO ACTION
    ON UPDATE NO ACTION);


-- -----------------------------------------------------
-- Table Empleado_Trabaja_Sucursal
-- -----------------------------------------------------
-- DROP TABLE IF EXISTS Empleado_Trabaja_Sucursal ;
CREATE TABLE IF NOT EXISTS Empleado_Trabaja_Sucursal (
  Sucursal_ID INT NOT NULL,
  Empleado_DNI VARCHAR(9) NOT NULL,
  Fecha DATE NOT NULL,
  PRIMARY KEY (Sucursal_ID, Empleado_DNI, Fecha),
  CONSTRAINT fk_Empleado_Trabaja_Sucursal_Sucursal
    FOREIGN KEY (Sucursal_ID)
    REFERENCES Sucursal (ID)
    ON DELETE NO ACTION
    ON UPDATE NO ACTION,
  CONSTRAINT fk_Empleado_Trabaja_Sucursal_Empleado1
    FOREIGN KEY (Empleado_DNI)
    REFERENCES Empleado (DNI)
    ON DELETE NO ACTION
    ON UPDATE NO ACTION);


-- -----------------------------------------------------
-- Table Sucursal_Contrata_EmpresaExterna
-- -----------------------------------------------------
-- DROP TABLE IF EXISTS SucursCREATE TABLE
postgres=#
postgres=#
lpostgres=# -- -----------------------------------------------------
postgres=# -- Table Empleado
postgres=# -- -----------------------------------------------------
postgres=# -- DROP TABLE IF EXISTS Empleado ;
postgres=# CREATE TABLE IF NOT EXISTS Empleado (
postgres(#   DNI VARCHAR(9) NOT NULL,
postgres(#   Nombre VARCHAR(45) NOT NULL,
postgres(#   NumSeguridadSocial VARCHAR(45) NOT NULL,
postgres(#   FechaInicioContrato DATE NULL,
postgres(#   FechaFinContrato DATE NULL,
postgres(#   Telefono INT NOT NULL,
postgres(#   FechaNacimiento DATE NOT NULL,
postgres(#   Salario DECIMAL NOT NULL,
postgres(#   Puesto VARCHAR(45) NOT NULL,
postgres(#   PRIMARY KEY (DNI));
CREATE TABLE
postgres=#
Opostgres=#
postgres=# -- -----------------------------------------------------
postgres=# -- Table Empresa_Externa
postgres=# -- -----------------------------------------------------
postgres=# -- DROP TABLE IF EXISTS Empresa_Externa ;
postgres=# CREATE TABLE IF NOT EXISTS Empresa_Externa (
postgres(#   CIF VARCHAR(45) NOT NULL,
postgres(#   Telefono INT NOT NULL,
postgres(#   Nombre VARCHAR(45) NOT NULL,
postgres(#   PRIMARY KEY (CIF));
CREATE TABLE
postgres=#
-postgres=#
-postgres=# -- -----------------------------------------------------
postgres=# -- Table Sucursal_Tiene
postgres=# -- -----------------------------------------------------
postgres=# -- DROP TABLE IF EXISTS Sucursal_Tiene ;
postgres=# CREATE TABLE IF NOT EXISTS Sucursal_Tiene (
postgres(#   Sucursal_ID INT NOT NULL,
postgres(#   PRIMARY KEY (Sucursal_ID),
postgres(#   CONSTRAINT fk_Sucursal_Tiene_Sucursal1
postgres(#     FOREIGN KEY (Sucursal_ID)
postgres(#     REFERENCES Sucursal (ID)
postgres(#     ON DELETE NO ACTION
postgres(#     ON UPDATE NO ACTION);
CREATE TABLE
postgres=#
postgres=#
-postgres=# -- -----------------------------------------------------
postgres=# -- Table Coche
postgres=# -- -----------------------------------------------------
postgres=# -- DROP TABLE IF EXISTS Coche ;
postgres=# CREATE TABLE IF NOT EXISTS Coche (
postgres(#   Matricula VARCHAR(45) NOT NULL,
postgres(#   MarcaModelo VARCHAR(150) NOT NULL,
postgres(#   NumAparcamiento INT NOT NULL,
postgres(#   Precio DECIMAL NOT NULL,
postgres(#   Sucursal_Tiene_Sucursal_ID INT NOT NULL,
postgres(#   PRIMARY KEY (Matricula),
postgres(#   CONSTRAINT fk_Coche_Sucursal_Tiene1
postgres(#     FOREIGN KEY (Sucursal_Tiene_Sucursal_ID)
postgres(#     REFERENCES Sucursal_Tiene (Sucursal_ID)
postgres(#     ON DELETE NO ACTION
postgres(#     ON UPDATE NO ACTION);
CREATE TABLE
postgres=#
-postgres=#
postgres=# -- -----------------------------------------------------
postgres=# -- Table Cliente
postgres=# -- -----------------------------------------------------
postgres=# -- DROP TABLE IF EXISTS Cliente ;
postgres=# CREATE TABLE IF NOT EXISTS Cliente (
postgres(#   Telefono INT NOT NULL,
postgres(#   Nombre VARCHAR(45) NOT NULL,
postgres(#   Email VARCHAR(45) NOT NULL,
postgres(#   FechaNacimiento DATE NOT NULL,
postgres(#   LicenciaConducir VARCHAR(45) NOT NULL,
postgres(#   PRIMARY KEY (LicenciaConducir));
CREATE TABLE
postgres=#
postgres=#
-postgres=# -- -----------------------------------------------------
postgres=# -- Table Reserva
postgres=# -- -----------------------------------------------------
postgres=# -- DROP TABLE IF EXISTS Reserva ;
postgres=# CREATE TABLE IF NOT EXISTS Reserva (
postgres(#   ID INT NOT NULL,
postgres(#   Precio DECIMAL NULL,
postgres(#   FechaInicio DATE NOT NULL,
postgres(#   FechaFin DATE NOT NULL,
postgres(#   Coche_Matricula VARCHAR(45) NOT NULL,
postgres(#   Empleado_DNI VARCHAR(9) NOT NULL,
postgres(#   Cliente_LicenciaConducir VARCHAR(45) NOT NULL,
postgres(#   PRIMARY KEY (FechaInicio, Cliente_LicenciaConducir),
postgres(#   CONSTRAINT fk_Reserva_Coche1
postgres(#     FOREIGN KEY (Coche_Matricula)
postgres(#     REFERENCES Coche (Matricula)
postgres(#     ON DELETE NO ACTION
postgres(#     ON UPDATE NO ACTION,
postgres(#   CONSTRAINT fk_Reserva_Empleado1
postgres(#     FOREIGN KEY (Empleado_DNI)
postgres(#     REFERENCES Empleado (DNI)
postgres(#     ON DELETE NO ACTION
postgres(#     ON UPDATE NO ACTION,
postgres(#   CONSTRAINT fk_Reserva_Cliente1
postgres(#     FOREIGN KEY (Cliente_LicenciaConducir)
postgres(#     REFERENCES Cliente (LicenciaConducir)
postgres(#     ON DELETE NO ACTION
postgres(#     ON UPDATE NO ACTION);
CREATE TABLE
postgres=#
Hpostgres=#
Apostgres=# -- -----------------------------------------------------
postgres=# -- Table Empleado_Trabaja_Sucursal
postgres=# -- -----------------------------------------------------
postgres=# -- DROP TABLE IF EXISTS Empleado_Trabaja_Sucursal ;
postgres=# CREATE TABLE IF NOT EXISTS Empleado_Trabaja_Sucursal (
postgres(#   Sucursal_ID INT NOT NULL,
postgres(#   Empleado_DNI VARCHAR(9) NOT NULL,
postgres(#   Fecha DATE NOT NULL,
postgres(#   PRIMARY KEY (Sucursal_ID, Empleado_DNI, Fecha),
postgres(#   CONSTRAINT fk_Empleado_Trabaja_Sucursal_Sucursal
postgres(#     FOREIGN KEY (Sucursal_ID)
postgres(#     REFERENCES Sucursal (ID)
postgres(#     ON DELETE NO ACTION
postgres(#     ON UPDATE NO ACTION,
postgres(#   CONSTRAINT fk_Empleado_Trabaja_Sucursal_Empleado1
postgres(#     FOREIGN KEY (Empleado_DNI)
postgres(#     REFERENCES Empleado (DNI)
postgres(#     ON DELETE NO ACTION
postgres(#     ON UPDATE NO ACTION);
CREATE TABLE
postgres=#
postgres=#
postgres=# -- -----------------------------------------------------
postgres=# -- Table Sucursal_Contrata_EmpresaExterna
postgres=# -- -----------------------------------------------------
postgres=# -- DROP TABLE IF EXISTS Sucursal_Contrata_EmpresaExterna ;
postgres=# CREATE TABLE IF NOT EXISTS Sucursal_Contrata_EmpresaExterna (
postgres(#   Sucursal_ID INT NOT NULL,
postgres(#   Empresa_Externa_CIF VARCHAR(45) NOT NULL,
postgres(#   Coste DECIMAL NOT NULL,
postgres(#   FechaInicio VARCHAR(45) NOT NULL,
postgres(#   FechaFin VARCHAR(45) NOT NULL,
postgres(#   InformacionContrato VARCHAR(45) NULL,
postgres(#   PRIMARY KEY (Sucursal_ID, Empresa_Externa_CIF, FechaInicio, FechaFin),
postgres(#   CONSTRAINT fk_Sucursal_Contrata_EmpresaExterna_Sucursal1
postgres(#     FOREIGN KEY (Sucursal_ID)
postgres(#     REFERENCES Sucursal (ID)
postgres(#     ON DELETE NO ACTION
postgres(#     ON UPDATE NO ACTION,
postgres(#   CONSTRAINT fk_Sucursal_Contrata_EmpresaExterna_Empresa_Externa1
postgres(#     FOREIGN KEY (Empresa_Externa_CIF)
postgres(#     REFERENCES Empresa_Externa (CIF)
postgres(#     ON DELETE NO ACTION
postgres(#     ON UPDATE NO ACTION);
CREATE TABLE
postgres=#
postgres=# -- -----------------------------------------------------
postgres=# -- Table Nacional
postgres=# -- -----------------------------------------------------
postgres=# -- DROP TABLE IF EXISTS Nacional ;
postgres=# CREATE TABLE IF NOT EXISTS Nacional (
postgres(#   DNI VARCHAR(45) NOT NULL,
postgres(#   Cliente_LicenciaConducir VARCHAR(45) NOT NULL,
postgres(#   PRIMARY KEY (Cliente_LicenciaConducir),
postgres(#   CONSTRAINT fk_Nacional_Cliente1
postgres(#     FOREIGN KEY (Cliente_LicenciaConducir)
postgres(#     REFERENCES Cliente (LicenciaConducir)
postgres(#     ON DELETE NO ACTION
postgres(#     ON UPDATE NO ACTION);
CREATE TABLE
postgres=#
cpostgres=#
upostgres=# -- -----------------------------------------------------
postgres=# -- Table Extranjero
postgres=# -- -----------------------------------------------------
postgres=# -- DROP TABLE IF EXISTS Extranjero ;
postgres=# CREATE TABLE IF NOT EXISTS Extranjero (
postgres(#   Pasaporte VARCHAR(45) NOT NULL,
postgres(#   Cliente_LicenciaConducir VARCHAR(45) NOT NULL,
postgres(#   PRIMARY KEY (Cliente_LicenciaConducir),
postgres(#   CONSTRAINT fk_Extranjero_Cliente1
postgres(#     FOREIGN KEY (Cliente_LicenciaConducir)
postgres(#     REFERENCES Cliente (LicenciaConducir)
postgres(#     ON DELETE NO ACTION
postgres(#     ON UPDATE NO ACTION);
CREATE TABLE
postgres=#
postgres=# -- -----------------------------------------------------
postgres=# -- procedure actualizaBeneficio
postgres=# -- -----------------------------------------------------
postgres=# -- DROP procedure IF EXISTS actualizaBeneficio;
postgres=# CREATE PROCEDURE actualizaBeneficio (IN ID_Sucursal INT, IN  diferencia DECIMAl)
postgres-# LANGUAGE plpgsql
postgres-# AS $$
postgres$#   DECLARE actual DECIMAL;
postgres$#   BEGIN
postgres$#     actual = (SELECT Beneficio FROM Sucursal WHERE (ID = ID_Sucursal));
postgres$#     UPDATE Sucursal
postgres$#     SET Beneficio = (actual + diferencia) WHERE ID = ID_Sucursal;
postgres$#   END;
postgres$# $$ ;
CREATE PROCEDURE
postgres=#
npostgres=#
postgres=# -- -----------------------------------------------------
postgres=# -- procedure cobroSueldosEmpleados
postgres=# -- -----------------------------------------------------
postgres=# -- DROP procedure IF EXISTS cobroSueldosEmpleados;
postgres=# CREATE PROCEDURE cobroSueldosEmpleados ()
postgres-# LANGUAGE plpgsql
postgres-# AS $$
postgres$#   DECLARE id_Sucursal INT;
postgres$#   DECLARE max_id_Sucursal INT;
postgres$#   DECLARE salarioEmple DECIMAL;
postgres$#   BEGIN
postgres$#     SELECT id_Sucursal = min(ID), max_id_Sucursal = max(ID) FROM Sucursal;
postgres$#     WHILE(id_Sucursal <= max_id_Sucursal) LOOP
postgres$#       SELECT salarioEmple = sum(Salario) FROM Empeado WHERE ID = id_Sucursal;
postgres$#       CALL actualizaBeneficio(id_Sucursal, salarioEmple);
postgres$#       id_Sucursal = id_Sucursal + 1;
postgres$#     END LOOP;
postgres$#   END;
postgres$# $$ ;
CREATE PROCEDURE
postgres=#
1postgres=#
postgres=# -- -----------------------------------------------------
postgres=# -- procedure calcularPrecio
postgres=# -- -----------------------------------------------------
postgres=# -- DROP procedure IF EXISTS calcularPrecio;
postgres=# CREATE PROCEDURE calcularPrecio (IN inicio DATE, IN fin DATE, IN matricula_ VARCHAR(45), IN idReserva INT)
postgres-# LANGUAGE plpgsql
postgres-# AS $$
postgres$#   DECLARE tiempo INT;
postgres$#   DECLARE precioDia DECIMAL;
postgres$#   BEGIN
postgres$#       tiempo = fin::date - inicio::date;
postgres$#       precioDia = (SELECT Precio FROM Coche WHERE (matricula_ = Matricula));
postgres$#       UPDATE Reserva
postgres$#       SET Precio = precioDia * tiempo WHERE ID = idReserva;
postgres$#   END;
postgres$# $$ ;
CREATE PROCEDURE
postgres=#
1postgres=#
3postgres=# -- -----------------------------------------------------
postgres=# -- function setBeneficio
postgres=# -- -----------------------------------------------------
postgres=# -- DROP FUNCTION IF EXISTS setBeneficio;
postgres=# CREATE OR REPLACE FUNCTION setBeneficio() RETURNS TRIGGER AS $setBeneficio$
postgres$#   BEGIN
postgres$#     IF NEW.Beneficio IS NULL THEN
postgres$#       NEW.Beneficio = 0;
postgres$#     END IF;
postgres$#     RETURN NEW;
postgres$#   END;
postgres$# $setBeneficio$ LANGUAGE plpgsql;
CREATE FUNCTION
postgres=#
mpostgres=#
bpostgres=# -- -----------------------------------------------------
postgres=# -- trigger Sucursal_BEFORE_INSERT
postgres=# -- -----------------------------------------------------
postgres=# -- DROP TRIGGER IF EXISTS Sucursal_BEFORE_INSERT ON Sucursal;
postgres=# CREATE TRIGGER Sucursal_BEFORE_INSERT
postgres-#   BEFORE INSERT ON Sucursal
postgres-#   FOR EACH ROW EXECUTE PROCEDURE setBeneficio();
CREATE TRIGGER
postgres=#
postgres=#
apostgres=# -- -----------------------------------------------------
postgres=# -- function reservaAfter
postgres=# -- -----------------------------------------------------
postgres=# -- DROP FUNCTION IF EXISTS reservaAfter;
postgres=# CREATE OR REPLACE FUNCTION reservaAfter() RETURNS TRIGGER AS $reservaAfter$
postgres$# BEGIN
chapostgres$#   CALL calcularPrecio(NEW.FechaInicio, NEW.FechaFin, NEW.Coche_Matricula, NEW.ID);
postgres$#   RETURN NEW;
postgres$# END;
postgres$# $reservaAfter$ LANGUAGE plpgsql;
CREATE FUNCTION
postgres=#
postgres=#
1postgres=# -- -----------------------------------------------------
postgres=# -- trigger Reserva_AFTER_INSERT
postgres=# -- -----------------------------------------------------
postgres=# -- DROP TRIGGER IF EXISTS Reserva_AFTER_INSERT ON Reserva;
postgres=# CREATE TRIGGER Reserva_AFTER_INSERT
postgres-#   AFTER INSERT ON Reserva
postgres-#   FOR EACH ROW EXECUTE PROCEDURE reservaAfter();
CREATE TRIGGER
postgres=#
postgres=#
7postgres=# -- -----------------------------------------------------
postgres=# -- function reservaUpdate
postgres=# -- -----------------------------------------------------
postgres=# -- DROP FUNCTION IF EXISTS reservaUpdate;
postgres=# CREATE OR REPLACE FUNCTION reservaUpdate() RETURNS TRIGGER AS $reservaUpdate$
postgres$# DECLARE idSucursal INTEGER;
postgres$# BEGIN
postgres$#   idSucursal = (SELECT Sucursal_Tiene_Sucursal_ID FROM Coche WHERE (Matricula = New.Coche_Matricula))::INTEGER;
postgres$#   CALL actualizaBeneficio(idSucursal, NEW.Precio);
postgres$#   RETURN NEW;
postgres$# END;
postgres$# $reservaUpdate$ LANGUAGE plpgsql;
CREATE FUNCTION
postgres=#
postgres=#
Tpostgres=# -- -----------------------------------------------------
postgres=# -- trigger Reserva_AFTER_UPDATE
postgres=# -- -----------------------------------------------------
postgres=# -- DROP TRIGGER IF EXISTS Reserva_AFTER_UPDATE ON Reserva;
postgres=# CREATE TRIGGER Reserva_AFTER_UPDATE
postgres-#   AFTER UPDATE ON Reserva
postgres-#   FOR EACH ROW EXECUTE PROCEDURE reservaUpdate();
CREATE TRIGGER
postgres=#
postgres=#
-postgres=#
 postgres=#
Dpostgres=#
postgres=# -- -----------------------------------------------------
postgres=# -- Data for table Sucursal
postgres=# -- -----------------------------------------------------
postgres=# INSERT INTO Sucursal (ID, Nombre, Beneficio, Latitud, Longitud) VALUES (1, 'Lanzarote', 32450.50, 15, 30);
INSERT 0 1
postgres=# INSERT INTO Sucursal (ID, Nombre, Beneficio, Latitud, Longitud) VALUES (2, 'Fuerteventura', 16640.24, 16, 2);
INSERT 0 1
postgres=# INSERT INTO Sucursal (ID, Nombre, Beneficio, Latitud, Longitud) VALUES (3, 'Gran Canaria', 17890.65, 15, 24);
INSERT 0 1
postgres=# INSERT INTO Sucursal (ID, Nombre, Beneficio, Latitud, Longitud) VALUES (4, 'Tenerife', 29845.00, 10, 34);
INSERT 0 1
postgres=# INSERT INTO Sucursal (ID, Nombre, Beneficio, Latitud, Longitud) VALUES (5, 'La Gomera', 9412, 24, 59);
INSERT 0 1
postgres=# INSERT INTO Sucursal (ID, Nombre, Beneficio, Latitud, Longitud) VALUES (6, 'La Palma', NULL, 21, 24);
INSERT 0 1
postgres=# INSERT INTO Sucursal (ID, Nombre, Beneficio, Latitud, Longitud) VALUES (7 , 'El Hierro', 189.54, 26, 63);
INSERT 0 1
postgres=#
postgres=#
 postgres=# -- -----------------------------------------------------
postgres=# -- Data for table Empleado
postgres=# -- -----------------------------------------------------
postgres=# INSERT INTO Empleado (DNI, Nombre, NumSeguridadSocial, FechaInicioContrato, FechaFinContrato, Telefono, FechaNacimiento, Salario, Puesto) VALUES ('12345678A', 'Pedro Picapiedra', '123', '2011-12-18 13:17:17', '2021-12-18 13:17:17', 111111547, '1954-12-18 13:14:17', 2600, 'Oficina-Aparcamiento');
INSERT 0 1
postgres=# INSERT INTO Empleado (DNI, Nombre, NumSeguridadSocial, FechaInicioContrato, FechaFinContrato, Telefono, FechaNacimiento, Salario, Puesto) VALUES ('12345678B', 'Luis Alfonso', '124', '2011-12-18 13:17:17', '2021-12-18 13:17:17', 123456789, '1974-12-18 13:14:17', 1200, 'Oficina');
INSERT 0 1
postgres=# INSERT INTO Empleado (DNI, Nombre, NumSeguridadSocial, FechaInicioContrato, FechaFinContrato, Telefono, FechaNacimiento, Salario, Puesto) VALUES ('12345678C', 'Juana Arco', '125', '2001-12-18 13:17:17', '2021-12-18 13:17:17', 444777555, '1972-12-18 13:14:17', 1100, 'Aparcamiento');
INSERT 0 1
postgres=# INSERT INTO Empleado (DNI, Nombre, NumSeguridadSocial, FechaInicioContrato, FechaFinContrato, Telefono, FechaNacimiento, Salario, Puesto) VALUES ('12345678D', 'Belma Picapiedra', '126', '2017-12-18 13:17:17', '2021-12-18 13:17:17', 111222333, '1994-12-18 13:14:17', 950, 'Oficina-Aparcamiento');
INSERT 0 1
postgres=# INSERT INTO Empleado (DNI, Nombre, NumSeguridadSocial, FechaInicioContrato, FechaFinContrato, Telefono, FechaNacimiento, Salario, Puesto) VALUES ('12345678E', 'Oliver Quinn', '127', '2018-12-18 13:17:17', '2021-12-18 13:17:17', 666555444, '1954-12-18 13:14:17', 690, 'Oficina');
INSERT 0 1
postgres=# INSERT INTO Empleado (DNI, Nombre, NumSeguridadSocial, FechaInicioContrato, FechaFinContrato, Telefono, FechaNacimiento, Salario, Puesto) VALUES ('12345678F', 'Tony Stark', '128', '2019-12-18 13:17:17', '2021-12-18 13:17:17', 777888999, '1997-12-18 13:14:17', 1400, 'Aparcamiento');
INSERT 0 1
postgres=# INSERT INTO Empleado (DNI, Nombre, NumSeguridadSocial, FechaInicioContrato, FechaFinContrato, Telefono, FechaNacimiento, Salario, Puesto) VALUES ('12345678G', 'Sansa Stark', '129', '2014-12-18 13:17:17', '2021-12-18 13:17:17', 999555111, '1963-12-18 13:14:17', 1300, 'Oficina-Aparcamiento');
INSERT 0 1
postgres=# INSERT INTO Empleado (DNI, Nombre, NumSeguridadSocial, FechaInicioContrato, FechaFinContrato, Telefono, FechaNacimiento, Salario, Puesto) VALUES ('12345678H', 'Jhon Nieve', '130', '2015-12-18 13:17:17', '2021-12-18 13:17:17', 111555888, '1981-12-18 13:14:17', 1160, 'Aparcamiento');
INSERT 0 1
postgres=# INSERT INTO Empleado (DNI, Nombre, NumSeguridadSocial, FechaInicioContrato, FechaFinContrato, Telefono, FechaNacimiento, Salario, Puesto) VALUES ('12345678I', 'Tyrion Lannister', '131', '2014-10-18 13:17:17', '2021-12-18 13:17:17', 777444222, '1988-12-18 13:14:17', 495, 'Oficina-Aparcamiento');
INSERT 0 1
postgres=#
postgres=#
 postgres=# -- -----------------------------------------------------
postgres=# -- Data for table Empresa_Externa
postgres=# -- -----------------------------------------------------
postgres=# INSERT INTO Empresa_Externa (CIF, Telefono, Nombre) VALUES ('255', 928547895, 'Cepsa');
INSERT 0 1
postgres=# INSERT INTO Empresa_Externa (CIF, Telefono, Nombre) VALUES ('265', 928547885, 'Repsol');
INSERT 0 1
postgres=# INSERT INTO Empresa_Externa (CIF, Telefono, Nombre) VALUES ('241', 928566569, 'Disa');
INSERT 0 1
postgres=#
postgres=#
2postgres=# -- -----------------------------------------------------
postgres=# -- Data for table Sucursal_Tiene
postgres=# -- -----------------------------------------------------
postgres=# INSERT INTO Sucursal_Tiene (Sucursal_ID) VALUES (1);
INSERT 0 1
postgres=# INSERT INTO Sucursal_Tiene (Sucursal_ID) VALUES (2);
INSERT 0 1
postgres=# INSERT INTO Sucursal_Tiene (Sucursal_ID) VALUES (3);
INSERT 0 1
postgres=# INSERT INTO Sucursal_Tiene (Sucursal_ID) VALUES (4);
INSERT 0 1
postgres=# INSERT INTO Sucursal_Tiene (Sucursal_ID) VALUES (5);
INSERT 0 1
postgres=# INSERT INTO Sucursal_Tiene (Sucursal_ID) VALUES (6);
INSERT 0 1
postgres=# INSERT INTO Sucursal_Tiene (Sucursal_ID) VALUES (7);
INSERT 0 1
postgres=#
postgres=#
Fpostgres=# -- -----------------------------------------------------
postgres=# -- Data for table Coche
postgres=# -- -----------------------------------------------------
postgres=# INSERT INTO Coche (Matricula, MarcaModelo, NumAparcamiento, Precio, Sucursal_Tiene_Sucursal_ID) VALUES ('1', 'Opel Astra', 15, 35, 4);
INSERT 0 1
postgres=# INSERT INTO Coche (Matricula, MarcaModelo, NumAparcamiento, Precio, Sucursal_Tiene_Sucursal_ID) VALUES ('2', 'Mercedes Benz', 14, 90, 3);
INSERT 0 1
postgres=# INSERT INTO Coche (Matricula, MarcaModelo, NumAparcamiento, Precio, Sucursal_Tiene_Sucursal_ID) VALUES ('3', 'Ferrari', 13, 120, 2);
INSERT 0 1
postgres=# INSERT INTO Coche (Matricula, MarcaModelo, NumAparcamiento, Precio, Sucursal_Tiene_Sucursal_ID) VALUES ('4', 'Opel Corsa', 12, 39, 7);
INSERT 0 1
postgres=# INSERT INTO Coche (Matricula, MarcaModelo, NumAparcamiento, Precio, Sucursal_Tiene_Sucursal_ID) VALUES ('5', 'Toyota', 11, 50, 6);
INSERT 0 1
postgres=# INSERT INTO Coche (Matricula, MarcaModelo, NumAparcamiento, Precio, Sucursal_Tiene_Sucursal_ID) VALUES ('6', 'Jeep Cheroke', 10, 60, 1);
INSERT 0 1
postgres=# INSERT INTO Coche (Matricula, MarcaModelo, NumAparcamiento, Precio, Sucursal_Tiene_Sucursal_ID) VALUES ('7', 'Volswagen Polo', 9, 45, 5);
INSERT 0 1
postgres=# INSERT INTO Coche (Matricula, MarcaModelo, NumAparcamiento, Precio, Sucursal_Tiene_Sucursal_ID) VALUES ('8', 'VolsWagen Golf', 8, 65, 1);
INSERT 0 1
postgres=# INSERT INTO Coche (Matricula, MarcaModelo, NumAparcamiento, Precio, Sucursal_Tiene_Sucursal_ID) VALUES ('9', 'Ford Fiesta', 7, 15, 5);
INSERT 0 1
postgres=# INSERT INTO Coche (Matricula, MarcaModelo, NumAparcamiento, Precio, Sucursal_Tiene_Sucursal_ID) VALUES ('10', 'Ford Focus', 6, 10, 2);
INSERT 0 1
postgres=# INSERT INTO Coche (Matricula, MarcaModelo, NumAparcamiento, Precio, Sucursal_Tiene_Sucursal_ID) VALUES ('11', 'Ford Mustang', 5, 215, 1);
INSERT 0 1
postgres=# INSERT INTO Coche (Matricula, MarcaModelo, NumAparcamiento, Precio, Sucursal_Tiene_Sucursal_ID) VALUES ('12', 'Porche Carrera', 4, 210, 1);
INSERT 0 1
postgres=# INSERT INTO Coche (Matricula, MarcaModelo, NumAparcamiento, Precio, Sucursal_Tiene_Sucursal_ID) VALUES ('13', 'Porche Cayman', 3, 205, 3);
INSERT 0 1
postgres=# INSERT INTO Coche (Matricula, MarcaModelo, NumAparcamiento, Precio, Sucursal_Tiene_Sucursal_ID) VALUES ('14', 'Tesla S', 2, 250, 6);
INSERT 0 1
postgres=# INSERT INTO Coche (Matricula, MarcaModelo, NumAparcamiento, Precio, Sucursal_Tiene_Sucursal_ID) VALUES ('15', 'Hyunday', 1, 74, 7);
INSERT 0 1
postgres=#
postgres=#
postgres=# -- -----------------------------------------------------
postgres=# -- Data for table Cliente
postgres=# -- -----------------------------------------------------
postgres=# INSERT INTO Cliente (Telefono, Nombre, Email, FechaNacimiento, LicenciaConducir) VALUES (965742415, 'Marisol', 'aaa@bbb.cc', '1954-12-18 13:14:17', 'A');
INSERT 0 1
postgres=# INSERT INTO Cliente (Telefono, Nombre, Email, FechaNacimiento, LicenciaConducir) VALUES (987454540, 'Federico', 'aab@vvv.cc', '1974-12-18 13:14:17', 'B');
INSERT 0 1
postgres=# INSERT INTO Cliente (Telefono, Nombre, Email, FechaNacimiento, LicenciaConducir) VALUES (617470000, 'Nosequeponer', 'aac@d.s', '1924-12-18 13:14:17', 'C');
INSERT 0 1
postgres=# INSERT INTO Cliente (Telefono, Nombre, Email, FechaNacimiento, LicenciaConducir) VALUES (928744405, 'Guadalupe', 'adw@sdasd.c', '1996-12-18 13:14:17', 'D');
INSERT 0 1
postgres=# INSERT INTO Cliente (Telefono, Nombre, Email, FechaNacimiento, LicenciaConducir) VALUES (558745651, 'MariJose', 'asdasda@dfdfs.c', '1990-12-18 13:14:17', 'E');
INSERT 0 1
postgres=#
-postgres=#
-postgres=# -- -----------------------------------------------------
postgres=# -- Data for table Reserva
postgres=# -- -----------------------------------------------------
postgres=# INSERT INTO Reserva (ID, Precio, FechaInicio, FechaFin, Coche_Matricula, Empleado_DNI, Cliente_LicenciaConducir) VALUES (1, NULL, '2021-12-18 13:14:17', '2021-12-31 13:14:17', '3', '12345678C', 'D');
INSERT 0 1
postgres=# INSERT INTO Reserva (ID, Precio, FechaInicio, FechaFin, Coche_Matricula, Empleado_DNI, Cliente_LicenciaConducir) VALUES (2, NULL, '2021-01-17 13:14:17', '2021-11-21 13:14:17', '12', '12345678B', 'E');
INSERT 0 1
postgres=# INSERT INTO Reserva (ID, Precio, FechaInicio, FechaFin, Coche_Matricula, Empleado_DNI, Cliente_LicenciaConducir) VALUES (3, NULL, '2021-01-18 13:14:17', '2021-02-18 13:14:17', '11', '12345678B', 'B');
INSERT 0 1
postgres=# INSERT INTO Reserva (ID, Precio, FechaInicio, FechaFin, Coche_Matricula, Empleado_DNI, Cliente_LicenciaConducir) VALUES (4, NULL, '2021-04-18 13:14:17', '2021-04-26 13:14:17', '2', '12345678A', 'A');
INSERT 0 1
postgres=# INSERT INTO Reserva (ID, Precio, FechaInicio, FechaFin, Coche_Matricula, Empleado_DNI, Cliente_LicenciaConducir) VALUES (5, NULL, '2021-02-18 13:14:17', '2021-02-28 13:14:17', '2', '12345678A', 'C');
INSERT 0 1
postgres=#
*postgres=#
 postgres=# -- -----------------------------------------------------
postgres=# -- Data for table Empleado_Trabaja_Sucursal
postgres=# -- -----------------------------------------------------
postgres=# INSERT INTO Empleado_Trabaja_Sucursal (Sucursal_ID, Empleado_DNI, Fecha) VALUES (1, '12345678B', '2014-10-18 13:17:17');
INSERT 0 1
postgres=# INSERT INTO Empleado_Trabaja_Sucursal (Sucursal_ID, Empleado_DNI, Fecha) VALUES (2, '12345678C', '2021-12-31 13:14:17');
INSERT 0 1
postgres=# INSERT INTO Empleado_Trabaja_Sucursal (Sucursal_ID, Empleado_DNI, Fecha) VALUES (3, '12345678A', '2020-12-31 13:14:17');
INSERT 0 1
postgres=# INSERT INTO Empleado_Trabaja_Sucursal (Sucursal_ID, Empleado_DNI, Fecha) VALUES (4, '12345678H', '2019-12-31 13:14:17');
INSERT 0 1
postgres=# INSERT INTO Empleado_Trabaja_Sucursal (Sucursal_ID, Empleado_DNI, Fecha) VALUES (5, '12345678E', '2018-12-31 13:14:17');
INSERT 0 1
postgres=# INSERT INTO Empleado_Trabaja_Sucursal (Sucursal_ID, Empleado_DNI, Fecha) VALUES (6, '12345678F', '2017-12-31 13:14:17');
INSERT 0 1
postgres=# INSERT INTO Empleado_Trabaja_Sucursal (Sucursal_ID, Empleado_DNI, Fecha) VALUES (7, '12345678I', '2016-12-31 13:14:17');
INSERT 0 1
postgres=# INSERT INTO Empleado_Trabaja_Sucursal (Sucursal_ID, Empleado_DNI, Fecha) VALUES (3, '12345678D', '2015-12-31 13:14:17');
INSERT 0 1
postgres=# INSERT INTO Empleado_Trabaja_Sucursal (Sucursal_ID, Empleado_DNI, Fecha) VALUES (4, '12345678G', '2014-12-31 13:14:17');
INSERT 0 1
postgres=#
postgres=#
postgres=# -- -----------------------------------------------------
postgres=# -- Data for table Sucursal_Contrata_EmpresaExterna
postgres=# -- -----------------------------------------------------
postgres=# INSERT INTO Sucursal_Contrata_EmpresaExterna (Sucursal_ID, Empresa_Externa_CIF, Coste, FechaInicio, FechaFin, InformacionContrato) VALUES (1, '255', '4500', '2000-12-18 13:14:17', '2025-12-18 13:14:17', 'Combustible');
INSERT 0 1
postgres=# INSERT INTO Sucursal_Contrata_EmpresaExterna (Sucursal_ID, Empresa_Externa_CIF, Coste, FechaInicio, FechaFin, InformacionContrato) VALUES (2, '255', '2400', '2000-12-18 13:14:17', '2025-12-18 13:14:17', 'Combustible');
INSERT 0 1
postgres=# INSERT INTO Sucursal_Contrata_EmpresaExterna (Sucursal_ID, Empresa_Externa_CIF, Coste, FechaInicio, FechaFin, InformacionContrato) VALUES (3, '265', '3400', '2000-12-18 13:14:17', '2025-12-18 13:14:17', 'Combustible');
INSERT 0 1
postgres=# INSERT INTO Sucursal_Contrata_EmpresaExterna (Sucursal_ID, Empresa_Externa_CIF, Coste, FechaInicio, FechaFin, InformacionContrato) VALUES (4, '265', '7400', '2000-12-18 13:14:17', '2025-12-18 13:14:17', 'Combustible');
INSERT 0 1
postgres=# INSERT INTO Sucursal_Contrata_EmpresaExterna (Sucursal_ID, Empresa_Externa_CIF, Coste, FechaInicio, FechaFin, InformacionContrato) VALUES (5, '255', '900', '2000-12-18 13:14:17', '2025-12-18 13:14:17', 'Combustible');
INSERT 0 1
postgres=# INSERT INTO Sucursal_Contrata_EmpresaExterna (Sucursal_ID, Empresa_Externa_CIF, Coste, FechaInicio, FechaFin, InformacionContrato) VALUES (6, '265', '345', '2000-12-18 13:14:17', '2025-12-18 13:14:17', 'Combustible');
INSERT 0 1
postgres=# INSERT INTO Sucursal_Contrata_EmpresaExterna (Sucursal_ID, Empresa_Externa_CIF, Coste, FechaInicio, FechaFin, InformacionContrato) VALUES (7, '241', '695', '2000-12-18 13:14:17', '2025-12-18 13:14:17', 'Combustible');
INSERT 0 1
postgres=#
postgres=#
postgres=# -- -----------------------------------------------------
postgres=# -- Data for table Nacional
postgres=# -- -----------------------------------------------------
postgres=# INSERT INTO Nacional (DNI, Cliente_LicenciaConducir) VALUES ('98765432A', 'A');
INSERT 0 1
postgres=# INSERT INTO Nacional (DNI, Cliente_LicenciaConducir) VALUES ('98765432B', 'B');
INSERT 0 1
postgres=# INSERT INTO Nacional (DNI, Cliente_LicenciaConducir) VALUES ('98765432C', 'C');
INSERT 0 1
postgres=#
postgres=#
postgres=# -- -----------------------------------------------------
postgres=# -- Data for table Extranjero
postgres=# -- -----------------------------------------------------
postgres=# INSERT INTO Extranjero (Pasaporte, Cliente_LicenciaConducir) VALUES ('98765432D', 'D');
INSERT 0 1
postgres=# INSERT INTO Extranjero (Pasaporte, Cliente_LicenciaConducir) VALUES ('98765432E', 'E');
INSERT 0 1
postgres=#
postgres=#
postgres=#
postgres=#
postgres=# -- -----------------------------------------------------
postgres=# -- PRINTING TABLES
postgres=# -- -----------------------------------------------------
postgres=# SELECT * FROM Sucursal_Contrata_EmpresaExterna ;
 sucursal_id | empresa_externa_cif | coste |     fechainicio     |      fechafin       | informacioncontrato
-------------+---------------------+-------+---------------------+---------------------+---------------------
           1 | 255                 |  4500 | 2000-12-18 13:14:17 | 2025-12-18 13:14:17 | Combustible
           2 | 255                 |  2400 | 2000-12-18 13:14:17 | 2025-12-18 13:14:17 | Combustible
           3 | 265                 |  3400 | 2000-12-18 13:14:17 | 2025-12-18 13:14:17 | Combustible
           4 | 265                 |  7400 | 2000-12-18 13:14:17 | 2025-12-18 13:14:17 | Combustible
           5 | 255                 |   900 | 2000-12-18 13:14:17 | 2025-12-18 13:14:17 | Combustible
           6 | 265                 |   345 | 2000-12-18 13:14:17 | 2025-12-18 13:14:17 | Combustible
           7 | 241                 |   695 | 2000-12-18 13:14:17 | 2025-12-18 13:14:17 | Combustible
(7 rows)

postgres=# SELECT * FROM Empleado_Trabaja_Sucursal ;
 sucursal_id | empleado_dni |   fecha
-------------+--------------+------------
           1 | 12345678B    | 2014-10-18
           2 | 12345678C    | 2021-12-31
           3 | 12345678A    | 2020-12-31
           4 | 12345678H    | 2019-12-31
           5 | 12345678E    | 2018-12-31
           6 | 12345678F    | 2017-12-31
           7 | 12345678I    | 2016-12-31
           3 | 12345678D    | 2015-12-31
           4 | 12345678G    | 2014-12-31
(9 rows)

postgres=# SELECT * FROM Reserva ;
 id | precio | fechainicio |  fechafin  | coche_matricula | empleado_dni | cliente_licenciaconducir
----+--------+-------------+------------+-----------------+--------------+--------------------------
  1 |   1560 | 2021-12-18  | 2021-12-31 | 3               | 12345678C    | D
  2 |  64680 | 2021-01-17  | 2021-11-21 | 12              | 12345678B    | E
  3 |   6665 | 2021-01-18  | 2021-02-18 | 11              | 12345678B    | B
  4 |    720 | 2021-04-18  | 2021-04-26 | 2               | 12345678A    | A
  5 |    900 | 2021-02-18  | 2021-02-28 | 2               | 12345678A    | C
(5 rows)

postgres=# SELECT * FROM Cliente ;
 telefono  |    nombre    |      email      | fechanacimiento | licenciaconducir
-----------+--------------+-----------------+-----------------+------------------
 965742415 | Marisol      | aaa@bbb.cc      | 1954-12-18      | A
 987454540 | Federico     | aab@vvv.cc      | 1974-12-18      | B
 617470000 | Nosequeponer | aac@d.s         | 1924-12-18      | C
 928744405 | Guadalupe    | adw@sdasd.c     | 1996-12-18      | D
 558745651 | MariJose     | asdasda@dfdfs.c | 1990-12-18      | E
(5 rows)

postgres=# SELECT * FROM Nacional ;
    dni    | cliente_licenciaconducir
-----------+--------------------------
 98765432A | A
 98765432B | B
 98765432C | C
(3 rows)

postgres=# SELECT * FROM Extranjero ;
 pasaporte | cliente_licenciaconducir
-----------+--------------------------
 98765432D | D
 98765432E | E
(2 rows)

postgres=# SELECT * FROM Coche ;
 matricula |  marcamodelo   | numaparcamiento | precio | sucursal_tiene_sucursal_id
-----------+----------------+-----------------+--------+----------------------------
 1         | Opel Astra     |              15 |     35 |                          4
 2         | Mercedes Benz  |              14 |     90 |                          3
 3         | Ferrari        |              13 |    120 |                          2
 4         | Opel Corsa     |              12 |     39 |                          7
 5         | Toyota         |              11 |     50 |                          6
 6         | Jeep Cheroke   |              10 |     60 |                          1
 7         | Volswagen Polo |               9 |     45 |                          5
 8         | VolsWagen Golf |               8 |     65 |                          1
 9         | Ford Fiesta    |               7 |     15 |                          5
 10        | Ford Focus     |               6 |     10 |                          2
 11        | Ford Mustang   |               5 |    215 |                          1
 12        | Porche Carrera |               4 |    210 |                          1
 13        | Porche Cayman  |               3 |    205 |                          3
 14        | Tesla S        |               2 |    250 |                          6
 15        | Hyunday        |               1 |     74 |                          7
(15 rows)

postgres=# SELECT * FROM Sucursal_Tiene ;
 sucursal_id
-------------
           1
           2
           3
           4
           5
           6
           7
(7 rows)

postgres=# SELECT * FROM Empresa_Externa ;
 cif | telefono  | nombre
-----+-----------+--------
 255 | 928547895 | Cepsa
 265 | 928547885 | Repsol
 241 | 928566569 | Disa
(3 rows)

postgres=# SELECT * FROM Empleado ;
    dni    |      nombre      | numseguridadsocial | fechainiciocontrato | fechafincontrato | telefono  | fechanacimiento | salario |        puesto
-----------+------------------+--------------------+---------------------+------------------+-----------+-----------------+---------+----------------------
 12345678A | Pedro Picapiedra | 123                | 2011-12-18          | 2021-12-18       | 111111547 | 1954-12-18      |    2600 | Oficina-Aparcamiento
 12345678B | Luis Alfonso     | 124                | 2011-12-18          | 2021-12-18       | 123456789 | 1974-12-18      |    1200 | Oficina
 12345678C | Juana Arco       | 125                | 2001-12-18          | 2021-12-18       | 444777555 | 1972-12-18      |    1100 | Aparcamiento
 12345678D | Belma Picapiedra | 126                | 2017-12-18          | 2021-12-18       | 111222333 | 1994-12-18      |     950 | Oficina-Aparcamiento
 12345678E | Oliver Quinn     | 127                | 2018-12-18          | 2021-12-18       | 666555444 | 1954-12-18      |     690 | Oficina
 12345678F | Tony Stark       | 128                | 2019-12-18          | 2021-12-18       | 777888999 | 1997-12-18      |    1400 | Aparcamiento
 12345678G | Sansa Stark      | 129                | 2014-12-18          | 2021-12-18       | 999555111 | 1963-12-18      |    1300 | Oficina-Aparcamiento
 12345678H | Jhon Nieve       | 130                | 2015-12-18          | 2021-12-18       | 111555888 | 1981-12-18      |    1160 | Aparcamiento
 12345678I | Tyrion Lannister | 131                | 2014-10-18          | 2021-12-18       | 777444222 | 1988-12-18      |     495 | Oficina-Aparcamiento
(9 rows)

postgres=# SELECT * FROM Sucursal ;
 id |    nombre     | beneficio | latitud | longitud
----+---------------+-----------+---------+----------
  4 | Tenerife      |  29845.00 |      10 |       34
  5 | La Gomera     |      9412 |      24 |       59
  6 | La Palma      |         0 |      21 |       24
  7 | El Hierro     |    189.54 |      26 |       63
  2 | Fuerteventura |  18200.24 |      16 |        2
  1 | Lanzarote     | 103795.50 |      15 |       30
  3 | Gran Canaria  |  19510.65 |      15 |       24
(7 rows)

postgres=#
```
